{"cameraMode":{"drawMode":0,"name":"Shaded","section":"Shading Mode"},"sceneLighting":false,"audioPlay":false,"sceneViewState":{"m_AlwaysRefresh":false,"showFog":true,"showSkybox":false,"showFlares":true,"showImageEffects":true,"showParticleSystems":true,"showVisualEffectGraphs":true,"m_FxEnabled":true},"in2DMode":false,"pivot":{"x":0.2637379765510559,"y":0.8419773578643799,"z":35.47304916381836},"rotation":{"x":-0.21735191345214845,"y":0.12028886377811432,"z":-0.027022993192076684,"w":-0.9683032631874085},"size":2.3315038681030275,"orthographic":false}