{"cameraMode":{"drawMode":0,"name":"Shaded","section":"Shading Mode"},"sceneLighting":true,"audioPlay":false,"sceneViewState":{"m_AlwaysRefresh":false,"showFog":true,"showSkybox":true,"showFlares":true,"showImageEffects":true,"showParticleSystems":true,"showVisualEffectGraphs":true,"m_FxEnabled":true},"in2DMode":false,"pivot":{"x":-1.0696606636047364,"y":1.9801228046417237,"z":4.4876580238342289},"rotation":{"x":0.17688970267772675,"y":0.02804659865796566,"z":-0.0050428565591573719,"w":0.9838188886642456},"size":6.1579270362854,"orthographic":false}